{
  "project_info": {
    "project_number": "78830265361",
    "project_id": "connectsphere-594e1",
    "storage_bucket": "connectsphere-594e1.firebasestorage.app"
  },
  "client": [
    {
      "client_info": {
        "mobilesdk_app_id": "1:78830265361:android:aa783ebf3153df4312fdb0",
        "android_client_info": {
          "package_name": "com.example.connectsphere"
        }
      },
      "oauth_client": [],
      "api_key": [
        {
          "current_key": "AIzaSyA8TceJ8vIjkNhCC8zGxKS_pRlawjXFW0I"
        }
      ],
      "services": {
        "appinvite_service": {
          "other_platform_oauth_client": []
        }
      }
    }
  ],
  "configuration_version": "1"
}